voxel_vol_um3,green_microglia_threshold_used,red_VGluT2_threshold_used,blue_CTB_threshold_used,green_microglia_volume_um3,green_microglia_voxels,image_volume_um3,red_VGluT2_total_objects,red_VGluT2_total_volume_um3,red_VGluT2_engulfed_objects,red_VGluT2_engulfed_volume_um3,red_VGluT2_engulfment_pct,red_VGluT2_mean_object_volume_um3,red_VGluT2_density_per_1000um3,blue_CTB_total_volume_um3,blue_CTB_engulfed_objects,blue_CTB_engulfed_volume_um3,blue_CTB_engulfment_pct,blue_CTB_mean_object_volume_um3,dataset,group,replicate,path
0.00047099,79,63,118,779.0549389,1654079,40186.127,381,317.0008716,39,5.598660075,0.718647658,0.143555387,9.480883788,340.7778681,47,7.756737005,0.99565982,0.165036958,Bottom_left_SCN_example_1,A,Sample_1A,Y:\redacted_user\2026\Global_PerSample\Sample_A\Sample_1A\Bottom_left_SCN_example_1
0.000471159,101,111,149,393.76343,835734,18839.47315,214,177.302711,14,3.512488867,0.892030239,0.250892062,11.35912869,173.4429781,18,5.346238923,1.357728655,0.297013274,Bottom_left_SCN_example_2,A,Sample_1A,Y:\redacted_user\2026\Global_PerSample\Sample_A\Sample_1A\Bottom_left_SCN_example_2
0.001002256,58,97,163,1886.609816,1882363,92094.65587,769,895.8766456,46,14.41745413,0.764199041,0.313422916,8.350104495,870.1116478,60,22.19195477,1.176287464,0.369865913,Bottom_left_SCN_sample_1B_example_1,A,Sample_1A,Y:\redacted_user\2026\Global_PerSample\Sample_A\Sample_1A\Bottom_left_SCN_sample_1B_example_1
0.00135564,60,113,150,1217.385981,898016,55658.87144,432,529.5480439,24,8.384630444,0.688740512,0.349359602,7.761565926,534.6560937,35,25.28132145,2.076689057,0.72232347,Bottom_left_SCN_sample_1B_example_2,A,Sample_1A,Y:\redacted_user\2026\Global_PerSample\Sample_A\Sample_1A\Bottom_left_SCN_sample_1B_example_2
0.000470765,56,68,107,692.6810078,1471393,34434.36674,319,318.2190935,20,3.863101394,0.557702803,0.19315507,9.264000769,300.2961108,20,5.08191318,0.733658513,0.254095659,Bottom_middle_SCN_example_1,A,Sample_1A,Y:\redacted_user\2026\Global_PerSample\Sample_A\Sample_1A\Bottom_middle_SCN_example_1
0.000470717,54,66,144,994.4160945,2112556,71431.75286,740,672.9323647,23,2.948571501,0.29651285,0.128198761,10.35953859,646.1589212,81,14.19400144,1.427370446,0.175234586,Bottom_middle_SCN_example_2,A,Sample_1A,Y:\redacted_user\2026\Global_PerSample\Sample_A\Sample_1A\Bottom_middle_SCN_example_2
0.001356121,50,167,143,961.4300094,708956,53727.66218,552,524.281743,41,16.9867697,1.766823329,0.414311456,10.2740372,505.171288,32,8.502877695,0.884399032,0.265714928,bottom_right_example_1,A,Sample_2A,Y:\redacted_user\2026\Global_PerSample\Sample_A\Sample_2A\bottom_right_example_1
0.001356932,58,172,147,2197.557642,1619505,123077.184,1383,762.5182596,49,9.965306265,0.453471894,0.203373597,11.23685118,1172.828618,73,24.02176155,1.093111784,0.329065227,bottom_right_example_2,A,Sample_2A,Y:\redacted_user\2026\Global_PerSample\Sample_A\Sample_2A\bottom_right_example_2
0.001356706,36,163,166,1569.946061,1157175,82942.26208,983,783.3931468,59,13.23059519,0.842742023,0.224247376,11.85161792,782.0676452,45,16.77024069,1.068204896,0.372672015,top_left_example_1,A,Sample_2A,Y:\redacted_user\2026\Global_PerSample\Sample_A\Sample_2A\top_left_example_1
0.001358103,65,172,175,941.9164551,693553,45823.55181,607,431.0442575,19,3.302906654,0.350658133,0.173837192,13.24646336,422.9621862,28,3.918127343,0.415973977,0.139933119,top_left_example_2,A,Sample_2A,Y:\redacted_user\2026\Global_PerSample\Sample_A\Sample_2A\top_left_example_2
0.001355052,48,158,86,1053.684195,777597,57322.94631,909,548.7769982,68,10.5368826,1.000003858,0.154954156,15.85752406,552.6863226,43,18.43954456,1.750006752,0.428826618,top_right_example_1,A,Sample_2A,Y:\redacted_user\2026\Global_PerSample\Sample_A\Sample_2A\top_right_example_1
0.001357362,49,162,148,1205.611746,888202,55814.61074,899,537.5113257,45,7.765468663,0.644110236,0.17256597,16.10689366,539.4021311,61,35.25612359,2.92433478,0.577969239,top_right_example_2,A,Sample_2A,Y:\redacted_user\2026\Global_PerSample\Sample_A\Sample_2A\top_right_example_2
0.001356212,62,162,192,1127.327764,831233,62269.33408,557,606.802936,30,5.192933881,0.460641,0.173097796,8.945012955,600.038153,39,19.40060569,1.720937451,0.497451428,top_left_example_1,A,Sample_3A,Y:\redacted_user\2026\Global_PerSample\Sample_A\Sample_3A\top_left_example_1
0.00135564,50,176,174,1179.339958,869951,65778.66624,815,633.6530254,36,18.69426901,1.58514675,0.51928525,12.39003535,631.9964339,19,17.7643003,1.506291734,0.934963174,top_left_example_2,A,Sample_3A,Y:\redacted_user\2026\Global_PerSample\Sample_A\Sample_3A\top_left_example_2
0.00135521,67,176,185,1043.668818,770116,49409.88054,589,475.8805969,23,5.874834864,0.562902212,0.255427603,11.92069265,470.6210273,21,6.495520992,0.622373772,0.309310523,top_left_example_3,A,Sample_3A,Y:\redacted_user\2026\Global_PerSample\Sample_A\Sample_3A\top_left_example_3
0.001354716,65,172,177,1568.164074,1157559,80355.82244,794,784.0298802,55,20.4982127,1.307147195,0.372694776,9.881051253,773.3791005,72,30.07334768,1.917742422,0.417685384,top_left_example_4,A,Sample_3A,Y:\redacted_user\2026\Global_PerSample\Sample_A\Sample_3A\top_left_example_4
0.000471017,48,107,75,643.5627081,1366326,50013.2507,885,469.6684306,31,4.696981046,0.729840463,0.151515518,17.69531049,462.0883548,44,8.53200107,1.3257451,0.193909115,Top_middle_section_example_1,A,Sample_4A,Y:\redacted_user\2026\Global_PerSample\Sample_A\Sample_4A\Top_middle_section_example_1
0.000470621,72,86,96,769.3633608,1634783,43945.069,662,408.7626557,29,5.112827544,0.664553032,0.176304398,15.06426125,405.0118056,40,6.854125585,0.890882765,0.17135314,Top_middle_section_example_2,A,Sample_4A,Y:\redacted_user\2026\Global_PerSample\Sample_A\Sample_4A\Top_middle_section_example_2
0.000470621,72,86,96,769.3633608,1634783,43945.069,662,408.7626557,29,5.112827544,0.664553032,0.176304398,15.06426125,405.0118056,40,6.854125585,0.890882765,0.17135314,Top_middle_section_example_2 (2),A,Sample_4A,Y:\redacted_user\2026\Global_PerSample\Sample_A\Sample_4A\Top_middle_section_example_2 (2)
0.000470781,44,79,112,845.2189588,1795353,46702.61593,541,369.7305964,41,6.676623078,0.78992822,0.162844465,11.58393356,415.0089476,64,12.56515794,1.486615724,0.196330593,Top_right_section_example_2,A,Sample_4A,Y:\redacted_user\2026\Global_PerSample\Sample_A\Sample_4A\Top_right_section_example_2
0.001955329,70,171,138,814.7328419,416673,66482.28633,1311,618.7541169,25,4.399490474,0.539991792,0.175979619,19.71953843,638.8979173,41,12.83282488,1.575096059,0.312995729,col_1_row_1_side_A_cell_1,A,Sample_5A,Y:\redacted_user\2026\Global_PerSample\Sample_A\Sample_5A\col_1_row_1_side_A_cell_1
0.001954131,73,174,116,838.7440951,429216,49048.87204,1067,449.8134932,37,5.264427683,0.627656005,0.142281829,21.7538132,478.9144052,14,5.215574419,0.621831432,0.37254103,col_1_row_1_side_A_cell_2,A,Sample_5A,Y:\redacted_user\2026\Global_PerSample\Sample_A\Sample_5A\col_1_row_1_side_A_cell_2
0.001951966,85,168,99,885.7415039,453769,58911.49469,1104,553.9288139,26,3.46473904,0.391168194,0.133259194,18.73997606,577.4500001,21,3.291014097,0.37155469,0.156714957,col_1_row_1_side_B_cell_1,A,Sample_5A,Y:\redacted_user\2026\Global_PerSample\Sample_A\Sample_5A\col_1_row_1_side_B_cell_1
0.001951361,74,160,153,905.7242762,464150,69371.53857,1280,653.9147798,38,3.891014126,0.429602499,0.102395109,18.45137107,646.0995784,41,6.779028624,0.748464936,0.165342162,col_1_row_2_side_A_cell_1,A,Sample_5A,Y:\redacted_user\2026\Global_PerSample\Sample_A\Sample_5A\col_1_row_2_side_A_cell_1
0.001953902,67,165,166,780.4216079,399417,74744.13081,1299,707.5488852,21,2.196185659,0.281410155,0.104580269,17.379291,708.8443221,33,4.654194163,0.596369208,0.141036187,col_1_row_2_side_A_cell_2,A,Sample_5A,Y:\redacted_user\2026\Global_PerSample\Sample_A\Sample_5A\col_1_row_2_side_A_cell_2
0.0019525,74,166,166,1012.464977,518548,62475.3867,957,589.3699394,39,3.842520028,0.379521279,0.098526155,15.31803244,585.8339618,36,6.417867547,0.633885388,0.178274099,col_1_row_2_side_B_cell_1,A,Sample_5A,Y:\redacted_user\2026\Global_PerSample\Sample_A\Sample_5A\col_1_row_2_side_B_cell_1
0.001954351,78,165,149,757.2426659,387465,49816.01978,868,471.446172,31,6.150343049,0.812202392,0.198398163,17.42411385,475.3236047,16,1.995392518,0.263507672,0.124712032,col_2_row_1_side_A_cell_1,A,Sample_5A,Y:\redacted_user\2026\Global_PerSample\Sample_A\Sample_5A\col_2_row_1_side_A_cell_1
0.001954351,76,168,111,840.9553428,430299,61771.86453,1128,582.0389946,29,3.531512517,0.419940553,0.121776294,18.26074069,600.3317213,42,19.57087235,2.32721898,0.465973151,col_2_row_1_side_A_cell_2,A,Sample_5A,Y:\redacted_user\2026\Global_PerSample\Sample_A\Sample_5A\col_2_row_1_side_A_cell_2
0.001954624,74,160,142,525.2112766,268702,41485.80744,691,392.7092959,30,5.00188185,0.952356142,0.166729395,16.65629869,399.5055222,26,3.91706574,0.745807623,0.150656375,col_2_row_1_side_B_cell_1,A,Sample_5A,Y:\redacted_user\2026\Global_PerSample\Sample_A\Sample_5A\col_2_row_1_side_B_cell_1
0.001952906,67,162,156,931.2882763,476873,57910.92038,915,547.382054,54,11.74673127,1.261342118,0.217532061,15.80012878,554.9788595,54,7.071473639,0.759321664,0.130953216,col_2_row_1_side_B_cell_2,A,Sample_5A,Y:\redacted_user\2026\Global_PerSample\Sample_A\Sample_5A\col_2_row_1_side_B_cell_2
0.001955697,74,166,148,712.7028396,364424,49614.83798,805,470.0204274,17,3.60826054,0.506278401,0.21225062,16.22498496,474.5243971,24,5.847533341,0.820472856,0.243647223,col_2_row_2_side_A_cell_1,A,Sample_5A,Y:\redacted_user\2026\Global_PerSample\Sample_A\Sample_5A\col_2_row_2_side_A_cell_1
0.001954624,68,164,145,779.4218065,398758,48547.22147,614,466.5002469,30,8.170326742,1.048254831,0.272344225,12.64747974,465.8767219,28,8.735212969,1.120729866,0.311971892,col_2_row_2_side_B_cell_1,A,Sample_5A,Y:\redacted_user\2026\Global_PerSample\Sample_A\Sample_5A\col_2_row_2_side_B_cell_1
0.001954345,85,168,159,780.9934688,399619,58082.88876,831,554.531766,42,5.298229798,0.678396172,0.126148329,14.30713964,551.836724,30,7.465598609,0.955910505,0.248853287,col_3_row_1_side_A_cell_1,A,Sample_5A,Y:\redacted_user\2026\Global_PerSample\Sample_A\Sample_5A\col_3_row_1_side_A_cell_1
0.001955912,89,174,169,653.8125722,334275,35892.32399,505,346.147573,25,3.180313342,0.486425847,0.127212534,14.06986074,342.4880612,18,2.691335276,0.411637125,0.149518626,col_3_row_1_side_A_cell_2,A,Sample_5A,Y:\redacted_user\2026\Global_PerSample\Sample_A\Sample_5A\col_3_row_1_side_A_cell_2
0.001952758,75,169,152,877.9384999,449589,51804.90347,849,487.7852699,29,3.360696454,0.382794063,0.115886085,16.38841004,498.9452816,40,7.975063521,0.908385214,0.199376588,col_3_row_1_side_B_cell_1,A,Sample_5A,Y:\redacted_user\2026\Global_PerSample\Sample_A\Sample_5A\col_3_row_1_side_B_cell_1
0.001952121,69,168,148,954.1225211,488762,69539.23197,817,668.9508419,30,10.47312869,1.097671259,0.34910429,11.74876364,663.3306858,28,9.725466382,1.019310012,0.347338085,col_3_row_2_side_A_cell_1,A,Sample_5A,Y:\redacted_user\2026\Global_PerSample\Sample_A\Sample_5A\col_3_row_2_side_A_cell_1
0.001952722,82,172,170,884.8348742,453129,56980.21108,760,548.5547012,31,4.098763047,0.463223497,0.132218163,13.33796393,540.8414501,41,7.203590701,0.814116951,0.175697334,col_3_row_2_side_B_cell_1,A,Sample_5A,Y:\redacted_user\2026\Global_PerSample\Sample_A\Sample_5A\col_3_row_2_side_B_cell_1
0.001953754,96,172,131,1110.582167,568435,62969.76951,951,600.2635702,44,9.51478208,0.856738237,0.216245047,15.10248501,609.2273937,27,6.636902408,0.597605707,0.2458112,col_4_row_1_side_A_cell_1,A,Sample_5A,Y:\redacted_user\2026\Global_PerSample\Sample_A\Sample_5A\col_4_row_1_side_A_cell_1
0.001952108,72,154,151,788.2493155,403794,51281.63495,830,490.7910714,39,15.57586613,1.976007568,0.399381183,16.1851314,483.5311834,32,4.355151941,0.552509448,0.136098498,col_1_row_1_side_A_cell_1,A,Sample_6A,Y:\redacted_user\2026\Global_PerSample\Sample_A\Sample_6A\col_1_row_1_side_A_cell_1
0.001952023,75,149,152,1143.376102,585739,66743.8262,1008,640.3865783,57,9.15303666,0.800527197,0.160579591,15.10252045,619.3593847,35,4.938618629,0.431932994,0.141103389,col_1_row_1_side_B_cell_1,A,Sample_6A,Y:\redacted_user\2026\Global_PerSample\Sample_A\Sample_6A\col_1_row_1_side_B_cell_1
0.001955091,75,164,151,1060.075989,542213,59169.27804,937,565.48869,60,10.1742958,0.959770422,0.169571597,15.83592079,546.4226383,63,12.13134232,1.144384218,0.192560989,col_1_row_2_side_A_cell_1,A,Sample_6A,Y:\redacted_user\2026\Global_PerSample\Sample_A\Sample_6A\col_1_row_2_side_A_cell_1
0.001954351,78,164,150,906.1779035,463672,62768.18493,792,606.1302811,60,12.28700564,1.355915388,0.204783427,12.61785729,585.932062,52,9.664266405,1.066486654,0.185851277,col_1_row_2_side_B_cell_1,A,Sample_6A,Y:\redacted_user\2026\Global_PerSample\Sample_A\Sample_6A\col_1_row_2_side_B_cell_1
0.001951282,70,171,177,798.8022209,409373,56691.83304,903,539.6134151,33,5.838236144,0.7308738,0.176916247,15.9282202,529.0413685,35,5.2860233,0.661743691,0.151029237,col_2_row_1_side_A_cell_1,A,Sample_6A,Y:\redacted_user\2026\Global_PerSample\Sample_A\Sample_6A\col_2_row_1_side_A_cell_1
0.001951282,90,167,153,660.5382714,338515,38975.63521,604,374.669585,34,7.446092622,1.127276487,0.219002724,15.49686097,374.2227414,33,7.576828525,1.147068815,0.229600864,col_2_row_1_side_B_cell_1,A,Sample_6A,Y:\redacted_user\2026\Global_PerSample\Sample_A\Sample_6A\col_2_row_1_side_B_cell_1
0.001953046,70,167,162,2164.736921,1108390,131919.141,1734,1273.366617,83,9.48203949,0.438022718,0.11424144,13.14441549,1233.950238,124,13.75335161,0.635335938,0.110914126,col_2_row_2_side_A_cell_1,A,Sample_6A,Y:\redacted_user\2026\Global_PerSample\Sample_A\Sample_6A\col_2_row_2_side_A_cell_1
0.001950446,81,168,166,676.4888091,346838,32127.37294,457,305.3754876,33,3.770212226,0.557320709,0.114248855,14.22463022,302.469323,49,8.088499793,1.195659068,0.165071424,col_2_row_2_side_A_cell_2,A,Sample_6A,Y:\redacted_user\2026\Global_PerSample\Sample_A\Sample_6A\col_2_row_2_side_A_cell_2
0.001951159,77,172,177,978.2934516,501391,55865.43184,739,535.3238251,28,5.917864578,0.604917121,0.211352306,13.22821601,529.1035309,23,4.413521159,0.451144915,0.191892224,col_2_row_2_side_B_cell_1,A,Sample_6A,Y:\redacted_user\2026\Global_PerSample\Sample_A\Sample_6A\col_2_row_2_side_B_cell_1
0.001949604,100,168,162,368.5218859,189024,16898.1353,224,160.5947039,8,0.39187034,0.106335703,0.048983792,13.25590049,154.843373,12,1.154165378,0.313187743,0.096180448,col_2_row_2_side_B_cell_2,A,Sample_6A,Y:\redacted_user\2026\Global_PerSample\Sample_A\Sample_6A\col_2_row_2_side_B_cell_2
0.001950601,80,166,156,906.6823903,464822,62456.87796,989,589.266895,42,7.613196813,0.839676263,0.181266591,15.83492535,579.6718873,39,5.155439195,0.568604756,0.132190749,col_3_row_1_side_A_cell_1,A,Sample_6A,Y:\redacted_user\2026\Global_PerSample\Sample_A\Sample_6A\col_3_row_1_side_A_cell_1
0.001952197,70,163,155,711.4156988,364418,38767.07011,532,373.221008,40,5.284597074,0.742828291,0.132114927,13.72298702,366.142342,32,6.863924386,0.964826106,0.214497637,col_3_row_1_side_B_cell_1,A,Sample_6A,Y:\redacted_user\2026\Global_PerSample\Sample_A\Sample_6A\col_3_row_1_side_B_cell_1
0.001954631,91,164,113,644.2696804,329612,43847.58961,720,410.4821858,49,7.503826629,1.164702741,0.153139319,16.42051493,423.0797796,19,4.323642747,0.671092072,0.227560145,col_3_row_2_side_A_cell_1,A,Sample_6A,Y:\redacted_user\2026\Global_PerSample\Sample_A\Sample_6A\col_3_row_2_side_A_cell_1
0.001955354,84,165,136,681.0047607,348277,43439.35822,761,412.0732184,24,4.282224855,0.628809827,0.178426036,17.51867503,409.1010806,35,5.271633886,0.774096481,0.150618111,col_3_row_2_side_B_cell_1,A,Sample_6A,Y:\redacted_user\2026\Global_PerSample\Sample_A\Sample_6A\col_3_row_2_side_B_cell_1
0.001950646,68,163,158,585.275599,300042,36387.92771,627,346.1205998,31,3.932501475,0.671905933,0.126854886,17.23098949,342.685513,29,8.331207242,1.423467381,0.287283008,Col_1_row_1_side_A_cell_1,A,Sample_7A,Y:\redacted_user\2026\Global_PerSample\Sample_A\Sample_7A\Col_1_row_1_side_A_cell_1
0.001951282,76,162,150,821.2985526,420902,67321.55173,1411,628.3323598,69,11.2159697,1.365638557,0.162550286,20.95911285,635.8623576,73,14.82389037,1.804933215,0.203066991,Col_1_row_1_side_A_cell_2,A,Sample_7A,Y:\redacted_user\2026\Global_PerSample\Sample_A\Sample_7A\Col_1_row_1_side_A_cell_2
0.001955697,82,167,131,429.8895297,219814,39278.4134,769,361.8097695,20,2.229494317,0.518620288,0.111474716,19.57818388,380.0681545,7,2.086728453,0.485410392,0.298104065,Col_1_row_1_side_B_cell_1,A,Sample_7A,Y:\redacted_user\2026\Global_PerSample\Sample_A\Sample_7A\Col_1_row_1_side_B_cell_1
0.001951282,81,164,160,564.9078854,289506,54329.67333,1103,498.5467313,36,3.639141179,0.644200811,0.101087255,20.30198108,493.1065567,22,1.86542572,0.330217681,0.084792078,Col_1_row_2_side_A_cell_1,A,Sample_7A,Y:\redacted_user\2026\Global_PerSample\Sample_A\Sample_7A\Col_1_row_2_side_A_cell_1
0.001954869,75,159,153,562.9984627,287998,47566.44399,857,441.3273944,43,7.35226362,1.305911847,0.170982875,18.01690284,441.7437816,32,6.398287378,1.136466225,0.199946481,Col_1_row_2_side_B_cell_1,A,Sample_7A,Y:\redacted_user\2026\Global_PerSample\Sample_A\Sample_7A\Col_1_row_2_side_B_cell_1
0.001953511,77,159,140,880.4201828,450686,61415.36461,1118,579.3313504,65,8.107071794,0.920818486,0.124724181,18.20391375,578.053754,91,18.83770923,2.139627146,0.207007794,Col_2_row_1_side_A_cell_1,A,Sample_7A,Y:\redacted_user\2026\Global_PerSample\Sample_A\Sample_7A\Col_2_row_1_side_A_cell_1
0.001952023,78,159,151,851.7399354,436337,59791.34431,1117,562.1631537,55,7.700731419,0.904117689,0.140013299,18.68163382,562.5028057,40,7.376695572,0.8660737,0.184417389,Col_2_row_1_side_B_cell_1,A,Sample_7A,Y:\redacted_user\2026\Global_PerSample\Sample_A\Sample_7A\Col_2_row_1_side_B_cell_1
0.001952531,78,153,115,752.5209112,385408,82026.06018,1499,776.2012022,71,7.905796375,1.050574975,0.111349245,18.27467998,771.177341,61,21.49736184,2.856712886,0.352415768,Col_2_row_2_side_A_cell_1,A,Sample_7A,Y:\redacted_user\2026\Global_PerSample\Sample_A\Sample_7A\Col_2_row_2_side_A_cell_1
0.001953902,73,162,139,1432.251075,733021,109624.7252,2173,1038.430437,59,7.624124947,0.532317628,0.129222457,19.82217056,1042.887287,62,9.671814067,0.675287611,0.155997001,Col_2_row_2_side_B_cell_1,A,Sample_7A,Y:\redacted_user\2026\Global_PerSample\Sample_A\Sample_7A\Col_2_row_2_side_B_cell_1
0.001954624,80,165,154,684.2668193,350076,40603.13068,717,377.5355527,33,3.0863507,0.451044916,0.093525779,17.65873685,385.1429478,28,7.339611703,1.07262423,0.262128989,Col_2_row_2_side_B_cell_2,A,Sample_7A,Y:\redacted_user\2026\Global_PerSample\Sample_A\Sample_7A\Col_2_row_2_side_B_cell_2
0.001954478,85,166,137,549.7986936,281302,45054.54314,1152,401.6961355,32,1.833300775,0.33344946,0.057290649,25.56900858,423.5022514,16,1.46390435,0.266261882,0.091494022,Col_3_row_1_side_A_cell_1,A,Sample_7A,Y:\redacted_user\2026\Global_PerSample\Sample_A\Sample_7A\Col_3_row_1_side_A_cell_1
0.001951159,86,163,147,760.2007279,389615,39000.39581,924,355.8718498,48,4.836922614,0.636269137,0.100769221,23.69206724,361.7741051,32,4.513030257,0.593662975,0.141032196,Col_3_row_1_side_A_cell_2,A,Sample_7A,Y:\redacted_user\2026\Global_PerSample\Sample_A\Sample_7A\Col_3_row_1_side_A_cell_2
0.004505462,80,145,126,651.6475098,144635,43699.95463,649,417.363481,42,6.348196089,0.974176375,0.151147526,14.851274,416.0839298,44,7.807965807,1.198188544,0.177453768,Col_3_row_2_side_A_cell_1,A,Sample_7A,Y:\redacted_user\2026\Global_PerSample\Sample_A\Sample_7A\Col_3_row_2_side_A_cell_1
0.005304323,69,142,133,592.5830231,111717,51448.36603,677,490.7400265,27,6.895619556,1.163654592,0.255393317,13.15882412,495.5510473,23,4.11085012,0.69371716,0.178732614,Col_3_row_2_side_B_cell_1,A,Sample_7A,Y:\redacted_user\2026\Global_PerSample\Sample_A\Sample_7A\Col_3_row_2_side_B_cell_1
0.001807519,77,172,173,676.5255772,374284,31746.17112,403,306.2642733,22,4.36696678,0.64549914,0.19849849,12.69444427,305.1128835,19,5.174927936,0.764927168,0.272364628,bottom_middle_side_2_image_1,B,Sample_1B,Y:\redacted_user\2026\Global_PerSample\Sample_B\Sample_1B\bottom_middle_side_2_image_1
0.001409695,86,182,186,622.6807407,441713,40408.34066,488,391.4878919,25,6.456404481,1.036872358,0.258256179,12.07671466,370.0605233,9,1.952427993,0.313552012,0.216936444,top_left_side_1_image_1,B,Sample_1B,Y:\redacted_user\2026\Global_PerSample\Sample_B\Sample_1B\top_left_side_1_image_1
0.001951135,76,178,184,982.1371555,503367,64402.51422,904,616.3558574,25,6.093395746,0.620422078,0.24373583,14.03671908,611.5404553,17,4.555901078,0.463876257,0.267994181,top_middle_side_1_image_1,B,Sample_1B,Y:\redacted_user\2026\Global_PerSample\Sample_B\Sample_1B\top_middle_side_1_image_1
0.001355925,77,185,193,909.9421804,671086,61012.9082,823,584.5066584,16,3.928114275,0.431688338,0.245507142,13.48894888,581.9615874,12,2.498969489,0.274629481,0.208247457,top_middle_side_2_image_1,B,Sample_1B,Y:\redacted_user\2026\Global_PerSample\Sample_B\Sample_1B\top_middle_side_2_image_1
0.001810775,77,172,181,742.1334958,409843,35389.86082,387,340.700955,28,4.570396331,0.61584558,0.16322844,10.93533546,338.9390709,27,7.619741585,1.026734628,0.282212651,top_right_side_1_image_1,B,Sample_1B,Y:\redacted_user\2026\Global_PerSample\Sample_B\Sample_1B\top_right_side_1_image_1
0.00181049,73,176,186,1103.375916,609435,57788.83543,744,554.55849,41,10.36505472,0.939394685,0.252806213,12.87445913,552.0473405,41,10.03735604,0.909695045,0.244813562,top_right_side_1_image_2,B,Sample_1B,Y:\redacted_user\2026\Global_PerSample\Sample_B\Sample_1B\top_right_side_1_image_2
0.001807519,99,174,182,539.0275792,298214,24154.24275,324,230.7804572,15,2.716701602,0.504000483,0.18111344,13.41379249,225.1409968,21,3.748795158,0.69547372,0.178514055,top_right_side_1_image_3,B,Sample_1B,Y:\redacted_user\2026\Global_PerSample\Sample_B\Sample_1B\top_right_side_1_image_3
0.001805923,54,163,162,752.2156337,416527,46294.71348,811,434.8066307,40,6.795687745,0.903422827,0.169892194,17.51819893,438.3624928,22,3.089934024,0.410777693,0.140451547,Section_2_side_1_image_1,B,Sample_2B,Y:\redacted_user\2026\Global_PerSample\Sample_B\Sample_2B\Section_2_side_1_image_1
0.001664744,53,166,170,895.9849299,538212,47008.81393,826,443.8422594,61,6.637332344,0.740786159,0.108808727,17.57117295,436.1578034,32,2.786780623,0.311029854,0.087086894,Section_2_side_2_image_1,B,Sample_2B,Y:\redacted_user\2026\Global_PerSample\Sample_B\Sample_2B\Section_2_side_2_image_1
0.001661674,82,164,165,622.3418696,374527,37551.27063,732,339.7907812,43,4.356909868,0.700083038,0.101323485,19.49334837,323.0926167,51,3.826835784,0.614908938,0.075035996,Section_3_side_1_image_1,B,Sample_2B,Y:\redacted_user\2026\Global_PerSample\Sample_B\Sample_2B\Section_3_side_1_image_1
0.00181108,71,169,175,611.5240029,337657,35849.57571,604,330.7377069,20,1.403587375,0.229522859,0.070179369,16.84817708,297.1512193,11,0.771520286,0.126163533,0.070138208,Section_5_side_1_image_2,B,Sample_2B,Y:\redacted_user\2026\Global_PerSample\Sample_B\Sample_2B\Section_5_side_1_image_2
0.001805833,83,166,165,293.9082724,162755,18554.95085,281,173.6344088,8,1.204490293,0.409818439,0.150561287,15.14420611,159.2328945,8,2.43967974,0.830082025,0.304959967,Section_5_side_2_image_1,B,Sample_2B,Y:\redacted_user\2026\Global_PerSample\Sample_B\Sample_2B\Section_5_side_2_image_1
0.001809791,54,168,171,430.2634447,237742,25714.67554,430,243.9997062,23,5.022171342,1.167231705,0.218355276,16.72196872,237.7577354,24,4.620397634,1.073853169,0.192516568,Section_5_side_2_image_2,B,Sample_2B,Y:\redacted_user\2026\Global_PerSample\Sample_B\Sample_2B\Section_5_side_2_image_2
0.001806634,83,179,181,670.8536817,371328,31371.93781,454,301.4693537,22,2.500381053,0.372716305,0.113653684,14.47153194,296.6167355,19,2.991785421,0.445966908,0.157462391,Section_5_side_2_image_3,B,Sample_2B,Y:\redacted_user\2026\Global_PerSample\Sample_B\Sample_2B\Section_5_side_2_image_3
0.001951164,47,172,179,1057.010147,541733,56469.48805,802,541.9066461,35,7.533445768,0.71271272,0.215241308,14.20236003,528.6465328,34,5.7227652,0.541410621,0.168316624,Section_6_side_1_image_1,B,Sample_2B,Y:\redacted_user\2026\Global_PerSample\Sample_B\Sample_2B\Section_6_side_1_image_1
0.001955948,53,171,175,629.7605941,321972,37266.96509,568,357.0505429,14,4.195509157,0.666206999,0.299679225,15.24138063,342.777988,19,3.915808546,0.621793199,0.206095187,Section_6_side_2_image_1,B,Sample_2B,Y:\redacted_user\2026\Global_PerSample\Sample_B\Sample_2B\Section_6_side_2_image_1
0.001952121,46,174,176,1287.862969,659725,71850.54313,942,690.9863828,41,9.686423964,0.75213157,0.236254243,13.11054808,674.7701144,43,11.21883888,0.871120543,0.26090323,Section_6_side_2_image_2,B,Sample_2B,Y:\redacted_user\2026\Global_PerSample\Sample_B\Sample_2B\Section_6_side_2_image_2
0.001952121,64,172,175,1440.169394,737746,71850.54313,931,689.1689582,44,14.84197529,1.030571498,0.33731762,12.9574525,690.9649094,30,13.07530587,0.907900551,0.435843529,Section_1_side_1_image_1,B,Sample_3B,Y:\redacted_user\2026\Global_PerSample\Sample_B\Sample_3B\Section_1_side_1_image_1
0.001952121,77,179,188,1051.084367,538432,48575.01507,526,470.8886542,19,3.250281318,0.309231249,0.171067438,10.82861218,463.1211651,26,5.09503558,0.484740877,0.195962907,Section_1_side_2_image_1,B,Sample_3B,Y:\redacted_user\2026\Global_PerSample\Sample_B\Sample_3B\Section_1_side_2_image_1
0.001954442,84,176,190,743.9211446,380631,51489.94176,611,497.7279262,29,7.462058871,1.003071216,0.257312375,11.86639524,491.7082454,18,5.343443938,0.71828096,0.296857997,Section_2_side_1_image_1,B,Sample_3B,Y:\redacted_user\2026\Global_PerSample\Sample_B\Sample_3B\Section_2_side_1_image_1
0.001952121,72,173,183,691.2889615,354122,46551.05611,708,446.1103835,27,7.710877601,1.115434794,0.285588059,15.20910714,426.3295423,31,7.956844836,1.151015752,0.256672414,Section_2_side_1_image_2,B,Sample_3B,Y:\redacted_user\2026\Global_PerSample\Sample_B\Sample_3B\Section_2_side_1_image_2
0.001954449,76,172,177,897.4066531,459161,61603.41228,1036,578.090767,29,4.006619985,0.44646649,0.13815931,16.81725024,558.5345526,41,5.357144087,0.596958365,0.130662051,Section_2_side_2_image_2,B,Sample_3B,Y:\redacted_user\2026\Global_PerSample\Sample_B\Sample_3B\Section_2_side_2_image_2
0.004039143,51,160,167,1411.785543,349526,67765.57682,837,651.0775601,36,14.18547069,1.004789343,0.394040852,12.35140375,657.2332143,55,20.13512853,1.42621722,0.366093246,Section_3_side_1_image_1,B,Sample_3B,Y:\redacted_user\2026\Global_PerSample\Sample_B\Sample_3B\Section_3_side_1_image_1
0.00345937,79,156,163,527.5954271,152512,34460.41672,458,332.7083626,15,1.857681654,0.352103441,0.123845444,13.29061119,308.0603518,9,2.587608709,0.49045321,0.287512079,Section_3_side_1_image_2,B,Sample_3B,Y:\redacted_user\2026\Global_PerSample\Sample_B\Sample_3B\Section_3_side_1_image_2
0.004524991,65,162,161,1016.145516,224563,64054.7566,883,617.1996993,42,8.081633624,0.795322471,0.192419848,13.78508087,610.3533882,64,10.67897836,1.050930029,0.166859037,Section_1_side_1_image_1,B,Sample_4B,Y:\redacted_user\2026\Global_PerSample\Sample_B\Sample_4B\Section_1_side_1_image_1
0.001951882,55,173,171,830.922042,425703,53876.72654,860,505.8126649,32,5.740485093,0.690857241,0.179390159,15.96236548,500.8353657,58,15.04315492,1.810417122,0.25936474,Section_1_side_1_image_2,B,Sample_4B,Y:\redacted_user\2026\Global_PerSample\Sample_B\Sample_4B\Section_1_side_1_image_2
0.001953601,79,187,190,603.7993473,309070,48868.74154,612,474.6858815,16,3.58485716,0.593716634,0.224053572,12.52334275,462.0695287,5,1.994626245,0.330345876,0.398925249,Section_1_side_1_image_3,B,Sample_4B,Y:\redacted_user\2026\Global_PerSample\Sample_B\Sample_4B\Section_1_side_1_image_3
0.001953601,68,169,168,585.9239015,299920,51090.04798,803,482.5217737,32,3.594625163,0.613496933,0.112332036,15.71734676,473.9200701,34,4.610497491,0.7868765,0.135602867,Section_1_side_1_image_4,B,Sample_4B,Y:\redacted_user\2026\Global_PerSample\Sample_B\Sample_4B\Section_1_side_1_image_4
0.001953601,56,172,172,852.9928295,436626,57753.96728,838,543.6733807,47,6.980215058,0.818320485,0.148515214,14.50982572,535.3666708,54,8.68570841,1.01826277,0.160846452,Section_1_side_2_image_1,B,Sample_4B,Y:\redacted_user\2026\Global_PerSample\Sample_B\Sample_4B\Section_1_side_2_image_1
0.001953601,58,165,162,1169.575766,598677,107455.6987,1796,1010.124836,48,8.271545076,0.7072261,0.172323856,16.71386461,972.1019065,95,8.769713237,0.74982002,0.092312771,Section_2_side_1_image_1,B,Sample_4B,Y:\redacted_user\2026\Global_PerSample\Sample_B\Sample_4B\Section_2_side_1_image_1
0.001952121,68,164,140,1365.088872,699285,105820.5704,1737,1002.880645,75,15.82779635,1.15947003,0.211037285,16.41457794,971.170393,59,21.65487727,1.586334613,0.367031818,Section_2_side_2_image_1,B,Sample_4B,Y:\redacted_user\2026\Global_PerSample\Sample_B\Sample_4B\Section_2_side_2_image_1
0.001952121,61,168,150,1006.150448,515414,63754.70728,1037,605.9676128,57,10.90064317,1.083400917,0.191239354,16.26546563,589.1930378,54,9.944103925,0.98833171,0.184150073,Section_2_side_2_image_2,B,Sample_4B,Y:\redacted_user\2026\Global_PerSample\Sample_B\Sample_4B\Section_2_side_2_image_2
0.001952121,62,163,167,804.7872234,412263,87679.90118,1250,837.7995402,34,8.415593251,1.045691707,0.247517449,14.25640293,748.2010946,30,5.07356225,0.630422813,0.169118742,Section_3_side_1_image_1,B,Sample_4B,Y:\redacted_user\2026\Global_PerSample\Sample_B\Sample_4B\Section_3_side_1_image_1
0.001951135,59,169,173,805.0169893,412589,64402.51422,962,613.9071825,50,11.27561128,1.400667492,0.225512226,14.93730504,605.5329095,52,9.685435954,1.203134354,0.186258384,Section_3_side_2_image_1,B,Sample_4B,Y:\redacted_user\2026\Global_PerSample\Sample_B\Sample_4B\Section_3_side_2_image_1
0.001955329,62,174,169,1887.702087,965414,104472.1642,1532,996.5882248,99,16.25074015,0.860874195,0.16414889,14.6641932,992.347116,91,19.7820645,1.047944198,0.217385324,Section_1_side_1_image_1,B,Sample_5B,Y:\redacted_user\2026\Global_PerSample\Sample_B\Sample_5B\Section_1_side_1_image_1
0.001955329,44,171,164,1472.036272,752833,70552.63039,788,687.6520931,32,9.180270122,0.623644288,0.286883441,11.16896699,668.4272974,51,10.18726461,0.692052553,0.199750286,Section_1_side_2_image_1,B,Sample_5B,Y:\redacted_user\2026\Global_PerSample\Sample_B\Sample_5B\Section_1_side_2_image_1
0.001952121,44,164,168,1551.850232,794956,110355.7377,1545,1060.893774,63,18.24452204,1.175662552,0.289595588,14.00017826,1034.300031,66,14.97667164,0.96508486,0.226919267,Section_2_side_1_image_1,B,Sample_5B,Y:\redacted_user\2026\Global_PerSample\Sample_B\Sample_5B\Section_2_side_1_image_1
0.001952121,44,164,151,1042.539934,534055,58957.17493,1091,558.7262868,51,9.151542834,0.87781221,0.179442016,18.50495722,560.6530301,39,18.68179713,1.791950267,0.479020439,Section_2_side_2_image_1,B,Sample_5B,Y:\redacted_user\2026\Global_PerSample\Sample_B\Sample_5B\Section_2_side_2_image_1
0.001955329,43,166,166,1287.783656,658602,88190.78798,1390,843.7245065,29,5.390842328,0.418613973,0.185891115,15.76128337,833.0933822,37,5.781908147,0.448981327,0.156267788,Section_3_side_1_image_1,B,Sample_5B,Y:\redacted_user\2026\Global_PerSample\Sample_B\Sample_5B\Section_3_side_1_image_1
0.001952121,50,159,137,667.6722027,342024,41632.83583,740,394.3928442,45,7.802627284,1.168631441,0.173391717,17.77443177,376.4645657,45,8.587379891,1.286167053,0.190830664,Section_3_side_1_image_2,B,Sample_5B,Y:\redacted_user\2026\Global_PerSample\Sample_B\Sample_5B\Section_3_side_1_image_2
0.001952121,48,166,154,637.5412165,326589,46530.81652,865,439.2779603,52,7.517617631,1.179157902,0.14456957,18.58983067,439.3716621,33,7.952940595,1.247439442,0.2409982,Section_3_side_2_image_1,B,Sample_5B,Y:\redacted_user\2026\Global_PerSample\Sample_B\Sample_5B\Section_3_side_2_image_1
0.001952121,34,164,134,1460.723275,748275,121905.2971,2304,1156.352487,65,10.76204259,0.736761217,0.165569886,18.89991703,1154.380845,58,12.56385019,0.86011159,0.216618107,Section_3_side_2_image_2,B,Sample_5B,Y:\redacted_user\2026\Global_PerSample\Sample_B\Sample_5B\Section_3_side_2_image_2
0.001950397,91,172,170,2022.684248,1037063,99070.68685,768,977.4100976,55,16.77536198,0.829361379,0.305006581,7.752040734,959.7609579,50,9.96847751,0.49283409,0.19936955,bottom_left_cell_1,B,Sample_6B,Y:\redacted_user\2026\Global_PerSample\Sample_B\Sample_6B\bottom_left_cell_1
0.001952121,87,176,180,1856.35962,950945,84354.11182,622,816.6014592,29,16.2240769,0.873972732,0.559450928,7.373677306,829.7450893,30,13.72145789,0.739159468,0.45738193,bottom_left_cell_2,B,Sample_6B,Y:\redacted_user\2026\Global_PerSample\Sample_B\Sample_6B\bottom_left_cell_2
0.001953077,84,173,184,1162.137351,595029,60221.07518,520,589.0186749,19,8.388464972,0.721813559,0.441498156,8.634850813,583.0188229,31,14.02699777,1.206999995,0.452483799,bottom_left_cell_3,B,Sample_6B,Y:\redacted_user\2026\Global_PerSample\Sample_B\Sample_6B\bottom_left_cell_3
0.00195706,119,180,194,613.6400339,313552,25189.61496,227,242.9591966,19,7.515109871,1.224677247,0.395532098,9.011650252,241.3818063,18,7.765613533,1.265499821,0.431422974,bottom_left_cell_4,B,Sample_6B,Y:\redacted_user\2026\Global_PerSample\Sample_B\Sample_6B\bottom_left_cell_4
0.003243804,93,175,181,946.0069057,291635,50170.28828,467,486.5641773,20,6.516803105,0.688874792,0.325840155,9.308298118,487.861699,15,6.357856688,0.672072968,0.423857113,bottom_middle_cell_1,B,Sample_6B,Y:\redacted_user\2026\Global_PerSample\Sample_B\Sample_6B\bottom_middle_cell_1
0.004236806,93,171,163,1390.600159,328219,72192.4591,588,707.4406467,28,12.05371247,0.866799302,0.430489731,8.144895012,699.3652949,37,13.0959667,0.941749259,0.353945046,bottom_middle_cell_2,B,Sample_6B,Y:\redacted_user\2026\Global_PerSample\Sample_B\Sample_6B\bottom_middle_cell_2
0.00298949,103,174,166,820.1098265,274331,39967.5224,436,391.0432505,26,5.195733907,0.633541233,0.199835919,10.90885734,389.8893073,23,7.575368078,0.92370166,0.329363829,bottom_middle_cell_3,B,Sample_6B,Y:\redacted_user\2026\Global_PerSample\Sample_B\Sample_6B\bottom_middle_cell_3
0.004236806,97,170,162,900.566965,212558,49979.39476,468,488.4613395,24,4.491014137,0.498687417,0.187125589,9.363858891,491.8550209,18,5.211271121,0.578665588,0.289515062,bottom_middle_cell_4,B,Sample_6B,Y:\redacted_user\2026\Global_PerSample\Sample_B\Sample_6B\bottom_middle_cell_4
0.00182464,146,183,173,270.11788,148039,11479.64223,102,112.6824674,2,0.05291456,0.019589433,0.02645728,8.885294326,111.2793193,1,0.00364928,0.001350995,0.00364928,bottom_right_cell_1,B,Sample_6B,Y:\redacted_user\2026\Global_PerSample\Sample_B\Sample_6B\bottom_right_cell_1
0.003860395,104,176,169,1084.956395,281048,62742.7278,568,603.0478004,2,1.015283979,0.093578321,0.50764199,9.052841977,619.0877431,1,0.146695024,0.013520822,0.146695024,bottom_right_cell_2,B,Sample_6B,Y:\redacted_user\2026\Global_PerSample\Sample_B\Sample_6B\bottom_right_cell_2
0.004236806,115,174,175,665.8775819,157165,48868.74154,490,471.1794087,16,4.037675917,0.606369103,0.252354745,10.02685939,480.0385696,7,2.982711276,0.447936882,0.426101611,bottom_right_cell_3,B,Sample_6B,Y:\redacted_user\2026\Global_PerSample\Sample_B\Sample_6B\bottom_right_cell_3
0.002271387,108,182,185,1116.949893,491748,48825.29352,475,476.5710115,38,8.688054328,0.777837429,0.228633009,9.728564146,468.7778835,19,3.304867725,0.295883257,0.173940407,top_middle_cell_1,B,Sample_6B,Y:\redacted_user\2026\Global_PerSample\Sample_B\Sample_6B\top_middle_cell_1
0.002221678,125,183,186,682.6594991,307272,29702.37991,325,288.4871339,15,2.506052992,0.367101461,0.167070199,10.94188415,290.2244863,7,0.984203436,0.144171939,0.140600491,top_middle_cell_2,B,Sample_6B,Y:\redacted_user\2026\Global_PerSample\Sample_B\Sample_6B\top_middle_cell_2
0.001953754,73,170,161,730.3112991,373799,55860.27941,907,533.0016806,42,5.550615172,0.760034136,0.132157504,16.23693991,519.8099334,34,7.266011202,0.99491973,0.213706212,Col_1_row_1_side_A_cell_1,B,Sample_7B,Y:\redacted_user\2026\Global_PerSample\Sample_B\Sample_7B\Col_1_row_1_side_A_cell_1
0.001950646,85,170,157,805.735611,413061,49549.51858,643,474.9002699,14,2.598259903,0.322470531,0.185589993,12.9769172,471.8611641,11,1.583924205,0.196581135,0.14399311,Col_1_row_1_side_B_cell_1,B,Sample_7B,Y:\redacted_user\2026\Global_PerSample\Sample_B\Sample_7B\Col_1_row_1_side_B_cell_1
0.001951282,72,167,144,604.009628,309545,44881.03449,625,429.7523284,23,5.887018197,0.97465635,0.255957313,13.92570397,429.5591515,17,7.730979813,1.279943142,0.454763518,Col_1_row_1_side_B_cell_2,B,Sample_7B,Y:\redacted_user\2026\Global_PerSample\Sample_B\Sample_7B\Col_1_row_1_side_B_cell_2
0.001953046,96,174,183,1887.710983,966547,107933.8426,1308,1025.398102,89,17.36062802,0.919665572,0.195063236,12.11853454,1006.975016,159,22.85259404,1.21059814,0.143727007,Col_1_row_2_side_A_cell_1,B,Sample_7B,Y:\redacted_user\2026\Global_PerSample\Sample_B\Sample_7B\Col_1_row_2_side_A_cell_1
0.001952121,75,177,171,1521.933979,779631,114890.905,1366,1114.446307,35,7.679643667,0.504597688,0.21941839,11.88953991,1096.908453,25,7.746015778,0.508958725,0.309840631,Col_1_row_2_side_A_cell_2,B,Sample_7B,Y:\redacted_user\2026\Global_PerSample\Sample_B\Sample_7B\Col_1_row_2_side_A_cell_2
0.001955329,78,178,187,1044.826194,534348,63768.72362,755,608.4690858,35,8.920211352,0.853750739,0.254863181,11.8396599,605.0374833,42,7.146727859,0.684011169,0.170160187,Col_1_row_2_side_B_cell_1,B,Sample_7B,Y:\redacted_user\2026\Global_PerSample\Sample_B\Sample_7B\Col_1_row_2_side_B_cell_1
0.001955352,71,177,175,1188.605754,607873,82325.07931,905,789.0960321,59,15.52354041,1.306029384,0.263110854,10.9930049,780.6625984,48,13.16343041,1.107468172,0.274238134,Col_1_row_2_side_B_cell_2,B,Sample_7B,Y:\redacted_user\2026\Global_PerSample\Sample_B\Sample_7B\Col_1_row_2_side_B_cell_2
0.001951282,74,176,170,1212.064264,621163,75589.11072,864,735.3777464,68,15.98490324,1.318816478,0.235072106,11.43021782,724.4895921,59,29.69656279,2.450081541,0.503331573,Col_2_row_1_side_A_cell_1,B,Sample_7B,Y:\redacted_user\2026\Global_PerSample\Sample_B\Sample_7B\Col_2_row_1_side_A_cell_1
0.001953754,74,175,171,829.5932634,424615,51797.71363,670,494.3544723,23,5.460742487,0.65824335,0.237423586,12.93493386,492.6293075,14,4.163449818,0.501866397,0.297389273,Col_2_row_1_side_B_cell_1,B,Sample_7B,Y:\redacted_user\2026\Global_PerSample\Sample_B\Sample_7B\Col_2_row_1_side_B_cell_1
0.001952023,67,176,171,1364.073794,698800,86210.77551,1043,836.9279836,42,11.31002227,0.829135661,0.269286244,12.09825563,827.3923504,24,3.611242871,0.264739554,0.150468453,Col_2_row_2_side_A_cell_1,B,Sample_7B,Y:\redacted_user\2026\Global_PerSample\Sample_B\Sample_7B\Col_2_row_2_side_A_cell_1
0.00195188,71,172,161,1588.93585,814054,115072.0661,1319,1117.279625,73,15.94490901,1.003496083,0.218423411,11.46238219,1097.233816,69,16.34114068,1.028433003,0.236828126,Col_2_row_2_side_A_cell_2,B,Sample_7B,Y:\redacted_user\2026\Global_PerSample\Sample_B\Sample_7B\Col_2_row_2_side_A_cell_2
0.00195188,74,175,172,1458.827422,747396,123147.2988,1284,1192.901318,25,9.685229342,0.663905078,0.387409174,10.42653808,1177.938204,14,3.085922529,0.211534448,0.220423038,Col_2_row_2_side_B_cell_1,B,Sample_7B,Y:\redacted_user\2026\Global_PerSample\Sample_B\Sample_7B\Col_2_row_2_side_B_cell_1
0.001950741,85,179,178,1622.491904,831731,88420.21308,1025,860.8308665,67,17.88244431,1.102159232,0.266902154,11.59237197,835.5921773,53,8.413546667,0.518557082,0.158746164,Col_3_row_2_side_A_cell_1,B,Sample_7B,Y:\redacted_user\2026\Global_PerSample\Sample_B\Sample_7B\Col_3_row_2_side_A_cell_1
0.001950601,74,176,151,1568.299038,804008,90846.36794,1009,880.5969993,28,8.2003278,0.522880369,0.29286885,11.10666307,871.2302119,36,11.63143546,0.741659287,0.323095429,Col_3_row_2_side_B_cell_1,B,Sample_7B,Y:\redacted_user\2026\Global_PerSample\Sample_B\Sample_7B\Col_3_row_2_side_B_cell_1
